settlement_id,locality_name,rent_3_rooms,rent_4_rooms,rent_5_rooms
472,אבו גוש,4000,NULL,NULL
473,אבו סנאן,NULL,NULL,NULL
1342,אבו קורינאת (יישוב),NULL,NULL,NULL
1375,אבו תלול,NULL,NULL,NULL
652,אבטין,NULL,NULL,NULL
1275,אבטליון,NULL,NULL,NULL
679,אביאל,NULL,NULL,NULL
1115,אביבים,NULL,NULL,NULL
819,אביגדור,NULL,NULL,NULL
175,אביחיל,NULL,NULL,NULL
2052,אביטל,NULL,NULL,NULL
1070,אביעזר,NULL,NULL,NULL
1220,אבירים,NULL,NULL,NULL
182,אבן יהודה,4500,7900,NULL
1081,אבן מנחם,NULL,NULL,NULL
783,אבן ספיר,NULL,NULL,NULL
400,אבן שמואל,NULL,NULL,NULL
4011,אבני איתן,NULL,NULL,NULL
3793,אבני חפץ,2100,2675,2650
3786,אבנת,NULL,NULL,NULL
1311,אבשלום,NULL,NULL,NULL
3759,אדורה,NULL,NULL,NULL
113,אדירים,NULL,NULL,NULL
1068,אדמית,NULL,NULL,NULL
1123,אדרת,NULL,NULL,NULL
446,אודים,NULL,NULL,NULL
4010,אודם,NULL,NULL,NULL
1046,אוהד,NULL,NULL,NULL
2710,אום אל-פחם,NULL,NULL,NULL
2024,אום אל-קוטוף,NULL,NULL,NULL
1358,אום בטין,NULL,NULL,NULL
1108,אומן,NULL,NULL,NULL
680,אומץ,NULL,NULL,NULL
31,אופקים,2445,2725,5000
1294,אור הגנוז,NULL,NULL,NULL
67,אור הנר,NULL,NULL,NULL
2400,אור יהודה,4725,6000,7213
1020,אור עקיבא,3275,4550,5600
780,אורה,5200,NULL,NULL
1771,אורון,NULL,NULL,NULL
2012,אורות,NULL,NULL,NULL
4013,אורטל,NULL,NULL,NULL
403,אורים,NULL,NULL,NULL
882,אורנים,NULL,NULL,NULL
3760,אורנית,4500,NULL,NULL
278,אושה,NULL,NULL,NULL
565,אזור,4150,5500,6650
1724,אזור תעסוקה משגב(תרדיון),NULL,NULL,NULL
1726,אזור תעשייה אכזיב (מילואות),NULL,NULL,NULL
1701,אזור תעשייה הר-טוב,NULL,NULL,NULL
1727,אזור תעשייה נעמן (מילואות),NULL,NULL,NULL
1157,אחווה,NULL,NULL,NULL
821,אחוזם,NULL,NULL,NULL
1330,אחוזת ברק,NULL,NULL,NULL
785,אחיהוד,NULL,NULL,NULL
850,אחיטוב,NULL,NULL,NULL
804,אחיסמך,NULL,NULL,NULL
797,אחיעזר,NULL,NULL,NULL
338,איבים,NULL,NULL,NULL
716,אייל,NULL,NULL,NULL
77,איילת השחר,NULL,NULL,NULL
294,אילון,NULL,NULL,NULL
1716,אילון תבור*,NULL,NULL,NULL
1126,אילות,NULL,NULL,NULL
49,אילנייה,NULL,NULL,NULL
2600,אילת,3999,5000,7350
1336,אירוס,NULL,NULL,NULL
3762,איתמר,NULL,NULL,NULL
37,איתן,NULL,NULL,NULL
886,איתנים,NULL,NULL,NULL
478,אכסאל,NULL,NULL,NULL
1359,אל סייד,NULL,NULL,NULL
1339,אל -עזי,NULL,NULL,NULL
1316,אל -עריאן,NULL,NULL,NULL
4003,אל -רום,NULL,NULL,NULL
1145,אלומה,NULL,NULL,NULL
330,אלומות,NULL,NULL,NULL
1182,אלון הגליל,NULL,NULL,NULL
3579,אלון מורה,NULL,NULL,NULL
3604,אלון שבות,NULL,NULL,NULL
429,אלוני אבא,NULL,NULL,NULL
4017,אלוני הבשן,NULL,NULL,NULL
868,אלוני יצחק,NULL,NULL,NULL
285,אלונים,NULL,NULL,NULL
1365,אליאב,NULL,NULL,NULL
41,אליכין,NULL,NULL,NULL
4002,אלי-עד,NULL,NULL,NULL
1248,אליפז,NULL,NULL,NULL
730,אליפלט,NULL,NULL,NULL
682,אליקים,NULL,NULL,NULL
204,אלישיב,NULL,NULL,NULL
841,אלישמע,NULL,NULL,NULL
1125,אלמגור,NULL,NULL,NULL
3556,אלמוג,NULL,NULL,NULL
1309,אלעד,4700,5875,6300
3618,אלעזר,NULL,3900,NULL
3750,אלפי מנשה,5000,5700,6350
603,אלקוש,NULL,NULL,NULL
3560,אלקנה,NULL,NULL,NULL
772,אמונים,NULL,NULL,NULL
1064,אמירים,NULL,NULL,NULL
1253,אמנון,NULL,NULL,NULL
23,אמציה,NULL,NULL,NULL
4012,אניעם,NULL,NULL,NULL
3754,אספר,NULL,NULL,NULL
529,אעבלין,NULL,NULL,NULL
4301,אפיק,NULL,NULL,NULL
176,אפיקים,NULL,NULL,NULL
313,אפק,NULL,NULL,NULL
3650,אפרת,3875,5250,NULL
701,ארבל,NULL,NULL,NULL
3598,ארגמן,NULL,NULL,NULL
714,ארז,NULL,NULL,NULL
3570,אריאל,3500,4350,5100
1324,ארסוף,NULL,NULL,NULL
71,אשבול,NULL,NULL,NULL
1276,אשבל,NULL,NULL,NULL
70,אשדוד,4050,5375,6650
199,אשדות יעקב (איחוד),NULL,NULL,NULL
188,אשדות יעקב (מאוחד),NULL,NULL,NULL
1188,אשחר,NULL,NULL,NULL
3722,אשכולות,NULL,NULL,NULL
2021,אשל הנשיא,NULL,NULL,NULL
1152,אשלים,NULL,NULL,NULL
7100,אשקלון,3000,4000,5000
1256,אשרת,NULL,NULL,NULL
740,אשתאול,NULL,NULL,NULL
6000,באקה אל-גרביה,NULL,NULL,NULL
21,באר אורה,NULL,NULL,NULL
1376,באר גנים,NULL,NULL,NULL
155,באר טוביה,NULL,NULL,NULL
2530,באר יעקב,5250,6800,7600
1278,באר מילכה,NULL,NULL,NULL
9000,באר שבע,2575,3450,5124
450,בארות יצחק,NULL,NULL,NULL
697,בארותיים,NULL,NULL,NULL
399,בארי,NULL,NULL,NULL
559,בוסתן הגליל,NULL,NULL,NULL
482,בועיינה-נוג'ידאת,NULL,NULL,NULL
4001,בוקעאתא,NULL,NULL,NULL
698,בורגתה,NULL,NULL,NULL
2043,בחן,NULL,NULL,NULL
762,בטחה,NULL,NULL,NULL
1725,"בי""ס אזורי מקיף (אשר)",NULL,NULL,NULL
234,ביצרון,NULL,NULL,NULL
998,ביר אל-מכסור,NULL,NULL,NULL
1348,ביר הדאג',NULL,NULL,NULL
368,בירייה,NULL,NULL,NULL
317,בית אורן,NULL,NULL,NULL
3574,בית אל,NULL,2900,3825
562,בית אלעזרי,NULL,NULL,NULL
95,בית אלפא,NULL,NULL,NULL
3652,בית אריה-עופרים,NULL,4750,NULL
1076,בית ברל,NULL,NULL,NULL
619,בית גוברין,NULL,NULL,NULL
571,בית גמליאל,NULL,NULL,NULL
480,בית ג'ן,NULL,NULL,NULL
466,בית דגן,4550,NULL,6785
723,בית הגדי,NULL,NULL,NULL
373,בית הלוי,NULL,NULL,NULL
322,בית הלל,NULL,NULL,NULL
572,בית העמק,NULL,NULL,NULL
3645,בית הערבה,NULL,NULL,NULL
242,בית השיטה,NULL,NULL,NULL
353,בית זיד,NULL,NULL,NULL
710,בית זית,NULL,NULL,NULL
143,בית זרע,NULL,NULL,NULL
1712,בית חולים פוריה,NULL,NULL,NULL
3575,בית חורון,NULL,NULL,NULL
877,בית חירות,NULL,NULL,NULL
2033,בית חלקיה,NULL,NULL,NULL
159,בית חנן,NULL,NULL,NULL
800,בית חנניה,NULL,NULL,NULL
1050,בית חשמונאי,NULL,NULL,NULL
288,בית יהושע,NULL,NULL,NULL
265,בית יוסף,NULL,NULL,NULL
200,בית ינאי,NULL,NULL,NULL
326,בית יצחק-שער חפר,NULL,NULL,NULL
430,בית לחם הגלילית,NULL,NULL,NULL
751,בית מאיר,NULL,NULL,NULL
784,בית נחמיה,NULL,NULL,NULL
16,בית ניר,NULL,NULL,NULL
672,בית נקופה,NULL,NULL,NULL
202,בית עובד,NULL,NULL,NULL
301,בית עוזיאל,NULL,NULL,NULL
756,בית עזרא,NULL,NULL,NULL
604,בית עריף,NULL,NULL,NULL
212,בית צבי,NULL,NULL,NULL
598,בית קמה,NULL,NULL,NULL
365,בית קשת,NULL,NULL,NULL
848,בית רבן,NULL,NULL,NULL
1162,בית רימון,NULL,NULL,NULL
9200,בית שאן,1975,2275,NULL
2610,בית שמש,4300,5500,6500
248,בית שערים,NULL,NULL,NULL
747,בית שקמה,NULL,NULL,NULL
252,ביתן אהרן,NULL,NULL,NULL
3780,ביתר עילית,3600,4900,5475
94,בלפוריה,NULL,NULL,NULL
760,בן זכאי,NULL,NULL,NULL
712,בן עמי,NULL,NULL,NULL
1084,בן שמן (כפר נוער),NULL,NULL,NULL
2013,בן שמן (מושב),NULL,NULL,NULL
6100,בני ברק,4600,5700,6500
1368,בני דקלים,NULL,NULL,NULL
592,בני דרום,NULL,NULL,NULL
386,בני דרור,NULL,NULL,NULL
4015,בני יהודה,NULL,NULL,NULL
1363,בני נצרים,NULL,NULL,NULL
448,בני עטרות,NULL,NULL,NULL
1066,"בני עי""ש",3500,4500,NULL
418,בני ציון,NULL,NULL,NULL
588,בני ראם,NULL,NULL,NULL
685,בניה,NULL,NULL,NULL
9800,בנימינה-גבעת עדה,3550,NULL,NULL
1326,"בסמ""ה",NULL,NULL,NULL
944,בסמת טבעון,NULL,NULL,NULL
483,בענה,NULL,NULL,NULL
389,בצרה,NULL,NULL,NULL
589,בצת,NULL,NULL,NULL
864,בקוע,NULL,NULL,NULL
3612,בקעות,NULL,NULL,NULL
823,בר גיורא,NULL,NULL,NULL
1191,בר יוחאי,NULL,NULL,NULL
3744,ברוכין,NULL,NULL,NULL
428,ברור חיל,NULL,NULL,NULL
2060,ברוש,NULL,NULL,NULL
3710,ברכה,NULL,NULL,NULL
746,ברכיה,NULL,NULL,NULL
1728,בר-לב,NULL,NULL,NULL
667,ברעם,NULL,NULL,NULL
141,ברק,NULL,NULL,NULL
617,ברקאי,NULL,NULL,NULL
3654,ברקן,NULL,NULL,NULL
2038,ברקת,NULL,NULL,NULL
1323,בת הדר,NULL,NULL,NULL
1361,בת חן,NULL,NULL,NULL
1319,בת חפר,NULL,NULL,NULL
6200,בת ים,4550,6500,8400
3794,בת עין,NULL,NULL,NULL
33,בת שלמה,NULL,NULL,NULL
872,גאולי תימן,NULL,NULL,NULL
379,גאולים,NULL,NULL,NULL
853,גאליה,NULL,NULL,NULL
352,גבולות,NULL,NULL,NULL
424,גבים,NULL,NULL,NULL
86,גבע,NULL,NULL,NULL
3763,גבע בנימין,3300,NULL,NULL
683,גבע כרמל,NULL,NULL,NULL
2014,גבעולים,NULL,NULL,NULL
3644,גבעון החדשה,NULL,NULL,NULL
1344,גבעות בר,NULL,NULL,NULL
1362,גבעות עדן,NULL,NULL,NULL
1293,גבעת אבני,NULL,NULL,NULL
1288,גבעת אלה,NULL,NULL,NULL
147,גבעת ברנר,NULL,NULL,NULL
870,גבעת השלושה,NULL,NULL,NULL
3730,גבעת זאב,4650,6550,7375
207,"גבעת ח""ן",NULL,NULL,NULL
1740,גבעת חביבה,NULL,NULL,NULL
2018,גבעת חיים (איחוד),NULL,NULL,NULL
173,גבעת חיים (מאוחד),NULL,NULL,NULL
4021,גבעת יואב,NULL,NULL,NULL
787,גבעת יערים,NULL,NULL,NULL
919,גבעת ישעיהו,NULL,NULL,NULL
802,"גבעת כ""ח",NULL,NULL,NULL
360,"גבעת ניל""י",NULL,NULL,NULL
703,גבעת עוז,NULL,NULL,NULL
681,גבעת שמואל,4650,6800,8000
566,גבעת שמש,NULL,NULL,NULL
1077,גבעת שפירא,NULL,NULL,NULL
793,גבעתי,NULL,NULL,NULL
6300,גבעתיים,6250,7500,10250
342,גברעם,NULL,NULL,NULL
133,גבת,NULL,NULL,NULL
35,גדות,NULL,NULL,NULL
1292,ג'דיידה-מכר,NULL,NULL,NULL
145,גדיש,NULL,NULL,NULL
442,גדעונה,NULL,NULL,NULL
2550,גדרה,4725,5000,6250
485,ג'ולס,NULL,NULL,NULL
852,גונן,NULL,NULL,NULL
755,גורן,NULL,NULL,NULL
1219,גורנות הגליל,NULL,NULL,NULL
457,גזית,NULL,NULL,NULL
370,גזר,NULL,NULL,NULL
706,גיאה,NULL,NULL,NULL
196,גיבתון,NULL,NULL,NULL
1043,גיזו,NULL,NULL,NULL
1204,גילון,NULL,NULL,NULL
736,גילת,NULL,NULL,NULL
262,גינוסר,NULL,NULL,NULL
92,גיניגר,NULL,NULL,NULL
863,גינתון,NULL,NULL,NULL
1206,גיתה,NULL,NULL,NULL
3613,גיתית,NULL,NULL,NULL
393,גלאון,NULL,NULL,NULL
627,ג'לג'וליה,NULL,NULL,NULL
3606,גלגל,NULL,NULL,NULL
346,גליל ים,NULL,NULL,NULL
369,גלעד (אבן יצחק),NULL,NULL,NULL
745,גמזו,NULL,NULL,NULL
1072,גן הדרום,NULL,NULL,NULL
225,גן השומרון,NULL,NULL,NULL
239,גן חיים,NULL,NULL,NULL
734,גן יאשיה,NULL,NULL,NULL
166,גן יבנה,3625,5950,6650
1274,גן נר,NULL,NULL,NULL
311,גן שורק,NULL,NULL,NULL
144,גן שלמה,NULL,NULL,NULL
72,גן שמואל,NULL,NULL,NULL
836,גנות,NULL,NULL,NULL
549,גנות הדר,NULL,NULL,NULL
1103,גני הדר,NULL,NULL,NULL
1371,גני טל,NULL,NULL,NULL
862,גני יוחנן,NULL,NULL,NULL
3823,גני מודיעין,NULL,NULL,NULL
218,גני עם,NULL,NULL,NULL
229,גני תקווה,4500,6650,8275
541,ג'סר א-זרקא,NULL,NULL,NULL
842,געש,NULL,NULL,NULL
463,געתון,NULL,NULL,NULL
39,גפן,NULL,NULL,NULL
1129,גרופית,NULL,NULL,NULL
487,ג'ש (גוש חלב),NULL,NULL,NULL
4022,גשור,NULL,NULL,NULL
305,גשר,NULL,NULL,NULL
574,גשר הזיו,NULL,NULL,NULL
628,ג'ת,NULL,NULL,NULL
340,גת (קיבוץ),NULL,NULL,NULL
128,גת רימון,NULL,NULL,NULL
494,דאלית אל-כרמל,NULL,NULL,NULL
146,דבורה,NULL,NULL,NULL
489,דבורייה,NULL,NULL,NULL
849,דביר,NULL,NULL,NULL
407,דברת,NULL,NULL,NULL
62,דגניה א',NULL,NULL,NULL
79,דגניה ב',NULL,NULL,NULL
1067,"דוב""ב",NULL,NULL,NULL
3747,דולב,NULL,NULL,NULL
738,דור,NULL,NULL,NULL
336,דורות,NULL,NULL,NULL
475,דחי,NULL,NULL,NULL
490,דייר אל-אסד,NULL,NULL,NULL
492,דייר חנא,NULL,NULL,NULL
493,דייר ראפאת,NULL,NULL,NULL
2200,דימונה,2300,2500,NULL
2063,דישון,NULL,NULL,NULL
300,דלייה,NULL,NULL,NULL
431,דלתון,NULL,NULL,NULL
1317,דמיידה,NULL,NULL,NULL
303,דן,NULL,NULL,NULL
302,דפנה,NULL,NULL,NULL
1241,דקל,NULL,NULL,NULL
1349,דריג'את,NULL,NULL,NULL
702,האון,NULL,NULL,NULL
675,הבונים,NULL,NULL,NULL
356,הגושרים,NULL,NULL,NULL
191,הדר עם,NULL,NULL,NULL
9700,הוד השרון,5200,6895,8500
1322,הודיות,NULL,NULL,NULL
726,הודייה,NULL,NULL,NULL
1186,הושעיה,NULL,NULL,NULL
250,הזורע,NULL,NULL,NULL
307,הזורעים,NULL,NULL,NULL
434,החותרים,NULL,NULL,NULL
684,היוגב,NULL,NULL,NULL
1208,הילה,NULL,NULL,NULL
377,המעפיל,NULL,NULL,NULL
677,הסוללים,NULL,NULL,NULL
423,העוגן,NULL,NULL,NULL
3769,הר אדר,4250,NULL,NULL
3603,הר גילה,4350,NULL,NULL
1261,הר עמשא,NULL,NULL,NULL
464,הראל,NULL,NULL,NULL
1249,הרדוף,NULL,NULL,NULL
6400,הרצלייה,6000,8000,10000
1203,הררית,NULL,NULL,NULL
3639,ורד יריחו,NULL,NULL,NULL
1133,ורדון,NULL,NULL,NULL
815,זבדיאל,NULL,NULL,NULL
44,זוהר,NULL,NULL,NULL
584,זיקים,NULL,NULL,NULL
788,זיתן,NULL,NULL,NULL
9300,זכרון יעקב,4875,5600,6525
799,זכריה,NULL,NULL,NULL
1290,זמר,NULL,NULL,NULL
1065,זמרת,NULL,NULL,NULL
816,זנוח,NULL,NULL,NULL
2064,זרועה,NULL,NULL,NULL
975,זרזיר,NULL,NULL,NULL
818,זרחיה,NULL,NULL,NULL
235,חבצלת השרון,NULL,NULL,NULL
1110,חבר,NULL,NULL,NULL
717,חגור,NULL,NULL,NULL
3764,חגי,NULL,NULL,NULL
205,חגלה,NULL,NULL,NULL
618,חדיד,NULL,NULL,NULL
4026,חד-נס,NULL,NULL,NULL
6500,חדרה,3500,4500,5850
1321,ח'ואלד,NULL,NULL,NULL
160,חולדה,NULL,NULL,NULL
6600,חולון,4500,5950,7400
1239,חולית,NULL,NULL,NULL
253,חולתה,NULL,NULL,NULL
662,חוסן,NULL,NULL,NULL
1332,חוסנייה,NULL,NULL,NULL
115,חופית,NULL,NULL,NULL
374,חוקוק,NULL,NULL,NULL
1303,חורה,NULL,NULL,NULL
496,חורפיש,NULL,NULL,NULL
355,חורשים,NULL,NULL,NULL
1047,חזון,NULL,NULL,NULL
219,חיבת ציון,NULL,NULL,NULL
3643,חיננית,NULL,NULL,NULL
4000,חיפה,3300,4500,5650
162,חירות,NULL,NULL,NULL
1272,חלוץ,NULL,NULL,NULL
820,חלץ,NULL,NULL,NULL
801,"חמ""ד",NULL,NULL,NULL
993,חמאם,NULL,NULL,NULL
343,חמדיה,NULL,NULL,NULL
3646,חמדת,NULL,NULL,NULL
3609,חמרה,NULL,NULL,NULL
807,חניאל,NULL,NULL,NULL
280,חניתה,NULL,NULL,NULL
1257,חנתון,NULL,NULL,NULL
4005,חספין,NULL,NULL,NULL
363,חפץ חיים,NULL,NULL,NULL
90,חפצי-בה,NULL,NULL,NULL
700,חצב,NULL,NULL,NULL
13,חצבה,NULL,NULL,NULL
2034,חצור הגלילית,2700,3000,NULL
406,חצור-אשדוד,NULL,NULL,NULL
397,חצרים,NULL,NULL,NULL
422,חרב לאת,NULL,NULL,NULL
1024,חרוצים,NULL,NULL,NULL
1247,חריש,3125,3600,4000
3717,חרמש,NULL,NULL,NULL
1209,חרשים,NULL,NULL,NULL
3770,חשמונאים,3300,NULL,NULL
6700,טבריה,2600,3650,5250
962,טובא-זנגרייה,NULL,NULL,NULL
498,טורעאן,NULL,NULL,NULL
2730,טייבה,NULL,NULL,NULL
497,טייבה (בעמק),NULL,NULL,NULL
2720,טירה,NULL,NULL,NULL
663,טירת יהודה,NULL,NULL,NULL
2100,טירת כרמל,2900,3975,5900
268,טירת צבי,NULL,NULL,NULL
462,טל שחר,NULL,NULL,NULL
1181,טל-אל,NULL,NULL,NULL
1177,טללים,NULL,NULL,NULL
3788,טלמון,NULL,NULL,NULL
8900,טמרה,NULL,NULL,NULL
547,טמרה (יזרעאל),NULL,NULL,NULL
3743,טנא,NULL,NULL,NULL
1214,טפחות,NULL,NULL,NULL
1295,יאנוח-ג'ת,NULL,NULL,NULL
1232,יבול,NULL,NULL,NULL
46,יבנאל,NULL,NULL,NULL
2660,יבנה,3900,5275,7300
96,יגור,NULL,NULL,NULL
798,יגל,NULL,NULL,NULL
577,יד בנימין,NULL,NULL,NULL
1134,יד השמונה,NULL,NULL,NULL
758,יד חנה,NULL,NULL,NULL
358,יד מרדכי,NULL,NULL,NULL
775,יד נתן,NULL,NULL,NULL
64,"יד רמב""ם",NULL,NULL,NULL
1144,ידידה,NULL,NULL,NULL
9400,יהוד-מונוסון,4650,5900,8075
1158,יהל,NULL,NULL,NULL
2009,יובל,NULL,NULL,NULL
1226,יובלים,NULL,NULL,NULL
1112,יודפת,NULL,NULL,NULL
4007,יונתן,NULL,NULL,NULL
803,יושיביה,NULL,NULL,NULL
452,יזרעאל,NULL,NULL,NULL
409,יחיעם,NULL,NULL,NULL
866,יטבתה,NULL,NULL,NULL
3607,"ייט""ב",NULL,NULL,NULL
811,יכיני,NULL,NULL,NULL
1772,ים המלח - בתי מלון,NULL,NULL,NULL
753,ינוב,NULL,NULL,NULL
2011,ינון,NULL,NULL,NULL
29,יסוד המעלה,NULL,NULL,NULL
440,יסודות,NULL,NULL,NULL
575,יסעור,NULL,NULL,NULL
1138,יעד,NULL,NULL,NULL
1117,יעל,NULL,NULL,NULL
1044,יעף,NULL,NULL,NULL
795,יערה,NULL,NULL,NULL
499,יפיע,NULL,NULL,NULL
3566,יפית,NULL,NULL,NULL
134,יפעת,NULL,NULL,NULL
453,יפתח,NULL,NULL,NULL
3749,יצהר,NULL,NULL,NULL
759,יציץ,NULL,NULL,NULL
417,יקום,NULL,NULL,NULL
3647,יקיר,NULL,NULL,NULL
241,יקנעם (מושבה),NULL,NULL,NULL
240,יקנעם עילית,3200,4500,5950
623,יראון,NULL,NULL,NULL
2026,ירדנה,NULL,NULL,NULL
831,ירוחם,1950,3600,NULL
3000,ירושלים,5450,7380,8975
718,ירחיב,NULL,NULL,NULL
502,ירכא,NULL,NULL,NULL
183,ירקונה,NULL,NULL,NULL
916,ישע,NULL,NULL,NULL
805,ישעי,NULL,NULL,NULL
828,ישרש,NULL,NULL,NULL
1227,יתד,NULL,NULL,NULL
504,כאבול,NULL,NULL,NULL
505,כאוכב אבו אל-היג'א,NULL,NULL,NULL
576,כברי,NULL,NULL,NULL
371,כדורי,NULL,NULL,NULL
1338,כדיתה,NULL,NULL,NULL
3564,כוכב השחר,NULL,NULL,NULL
1224,כוכב יאיר,NULL,NULL,NULL
3779,כוכב יעקב,2750,3750,NULL
824,כוכב מיכאל,NULL,NULL,NULL
1252,כורזים,NULL,NULL,NULL
1210,כחל,NULL,NULL,NULL
1367,כחלה,NULL,NULL,NULL
840,כיסופים,NULL,NULL,NULL
1153,כישור,NULL,NULL,NULL
1183,כליל,NULL,NULL,NULL
1229,כלנית,NULL,NULL,NULL
1331,כמאנה,NULL,NULL,NULL
1291,כמהין,NULL,NULL,NULL
1201,כמון,NULL,NULL,NULL
2006,כנות,NULL,NULL,NULL
4028,כנף,NULL,NULL,NULL
63,כנרת (מושבה),NULL,NULL,NULL
57,כנרת (קבוצה),NULL,NULL,NULL
1059,כסיפה,NULL,NULL,NULL
859,כסלון,NULL,NULL,NULL
1296,כסרא-סמיע,NULL,NULL,NULL
978,כעביה-טבאש-חג'אג'רה,NULL,NULL,NULL
857,כפר אביב,NULL,NULL,NULL
3638,כפר אדומים,NULL,NULL,NULL
364,כפר אוריה,NULL,NULL,NULL
690,כפר אחים,NULL,NULL,NULL
220,כפר ביאליק,NULL,NULL,NULL
177,"כפר ביל""ו",NULL,NULL,NULL
357,כפר בלום,NULL,NULL,NULL
2010,כפר בן נון,NULL,NULL,NULL
633,כפר ברא,NULL,NULL,NULL
132,כפר ברוך,NULL,NULL,NULL
106,כפר גדעון,NULL,NULL,NULL
427,כפר גלים,NULL,NULL,NULL
310,כפר גליקסון,NULL,NULL,NULL
76,כפר גלעדי,NULL,NULL,NULL
707,כפר דניאל,NULL,NULL,NULL
3796,כפר האורנים,NULL,NULL,NULL
192,כפר החורש,NULL,NULL,NULL
254,כפר המכבי,NULL,NULL,NULL
582,כפר הנגיד,NULL,NULL,NULL
890,כפר הנוער הדתי,NULL,NULL,NULL
443,כפר הנשיא,NULL,NULL,NULL
187,כפר הס,NULL,NULL,NULL
217,"כפר הרא""ה",NULL,NULL,NULL
888,"כפר הרי""ף",NULL,NULL,NULL
190,כפר ויתקין,NULL,NULL,NULL
320,כפר ורבורג,NULL,NULL,NULL
1263,כפר ורדים,NULL,NULL,NULL
1325,כפר זוהרים,NULL,NULL,NULL
786,כפר זיתים,NULL,NULL,NULL
696,"כפר חב""ד",NULL,NULL,NULL
609,כפר חושן,NULL,NULL,NULL
255,כפר חיטים,NULL,NULL,NULL
193,כפר חיים,NULL,NULL,NULL
1297,כפר חנניה,NULL,NULL,NULL
112,כפר חסידים א',NULL,NULL,NULL
889,כפר חסידים ב',NULL,NULL,NULL
4004,כפר חרוב,NULL,NULL,NULL
673,כפר טרומן,NULL,NULL,NULL
507,כפר יאסיף,NULL,NULL,NULL
233,כפר ידידיה,NULL,NULL,NULL
140,כפר יהושע,NULL,NULL,NULL
168,כפר יונה,3900,5750,NULL
85,כפר יחזקאל,NULL,NULL,NULL
170,כפר יעבץ,NULL,NULL,NULL
508,כפר כמא,NULL,NULL,NULL
509,כפר כנא,NULL,NULL,NULL
387,כפר מונש,NULL,NULL,NULL
1095,כפר מימון,NULL,NULL,NULL
98,"כפר מל""ל",NULL,NULL,NULL
510,כפר מנדא,NULL,NULL,NULL
274,כפר מנחם,NULL,NULL,NULL
297,כפר מסריק,NULL,NULL,NULL
512,כפר מצר,NULL,NULL,NULL
764,כפר מרדכי,NULL,NULL,NULL
316,כפר נטר,NULL,NULL,NULL
345,כפר סאלד,NULL,NULL,NULL
6900,כפר סבא,5000,6800,8350
107,כפר סילבר,NULL,NULL,NULL
249,כפר סירקין,NULL,NULL,NULL
875,כפר עבודה,NULL,NULL,NULL
845,כפר עזה,NULL,NULL,NULL
3488,כפר עציון,NULL,NULL,NULL
189,כפר פינס,NULL,NULL,NULL
634,כפר קאסם,NULL,NULL,NULL
388,כפר קיש,NULL,NULL,NULL
654,כפר קרע,NULL,NULL,NULL
579,כפר ראש הנקרה,NULL,NULL,NULL
1130,כפר רוזנואלד (זרעית),NULL,NULL,NULL
295,כפר רופין,NULL,NULL,NULL
1166,כפר רות,NULL,NULL,NULL
605,כפר שמאי,NULL,NULL,NULL
743,כפר שמואל,NULL,NULL,NULL
267,כפר שמריהו,NULL,NULL,NULL
47,כפר תבור,NULL,NULL,NULL
3572,כפר תפוח,NULL,NULL,NULL
1285,כרכום,NULL,NULL,NULL
1094,כרם ביבנה (ישיבה),NULL,NULL,NULL
664,כרם בן זמרה,NULL,NULL,NULL
88,כרם בן שמן,NULL,NULL,NULL
580,"כרם מהר""ל",NULL,NULL,NULL
1085,כרם שלום,NULL,NULL,NULL
1264,כרמי יוסף,NULL,NULL,NULL
3766,כרמי צור,NULL,NULL,NULL
1374,כרמי קטיף,NULL,NULL,NULL
1139,כרמיאל,2900,3650,5375
768,כרמייה,NULL,NULL,NULL
1198,כרמים,NULL,NULL,NULL
3656,כרמל,NULL,NULL,NULL
1207,לבון,NULL,NULL,NULL
585,לביא,NULL,NULL,NULL
1230,לבנים,NULL,NULL,NULL
2023,להב,NULL,NULL,NULL
380,להבות הבשן,NULL,NULL,NULL
715,להבות חביבה,NULL,NULL,NULL
1271,להבים,NULL,NULL,NULL
7000,לוד,3445,4650,5850
52,לוזית,NULL,NULL,NULL
595,לוחמי הגיטאות,NULL,NULL,NULL
1171,לוטם,NULL,NULL,NULL
1255,לוטן,NULL,NULL,NULL
674,לימן,NULL,NULL,NULL
24,לכיש,NULL,NULL,NULL
1310,לפיד,NULL,NULL,NULL
1173,לפידות,NULL,NULL,NULL
1060,לקיה,NULL,NULL,NULL
2055,מאור,NULL,NULL,NULL
102,מאיר שפיה,NULL,NULL,NULL
771,מבוא ביתר,NULL,NULL,NULL
3569,מבוא דותן,NULL,NULL,NULL
3709,מבוא חורון,NULL,NULL,NULL
4204,מבוא חמה,NULL,NULL,NULL
1141,מבוא מודיעים,NULL,NULL,NULL
1318,מבואות ים,NULL,NULL,NULL
3825,מבואות יריחו,NULL,NULL,NULL
1080,מבועים,NULL,NULL,NULL
829,מבטחים,NULL,NULL,NULL
573,מבקיעים,NULL,NULL,NULL
1015,מבשרת ציון,5100,6750,7950
481,מגאר,NULL,NULL,NULL
516,מג'ד אל-כרום,NULL,NULL,NULL
689,מגדים,NULL,NULL,NULL
65,מגדל,3025,NULL,NULL
874,מגדל העמק,2300,3500,4450
3561,מגדל עוז,NULL,NULL,NULL
4201,מג'דל שמס,NULL,NULL,NULL
1722,מגדל תפן,NULL,NULL,NULL
3751,מגדלים,NULL,NULL,NULL
586,מגידו,NULL,NULL,NULL
375,מגל,NULL,NULL,NULL
695,מגן,NULL,NULL,NULL
1155,מגן שאול,NULL,NULL,NULL
722,מגשימים,NULL,NULL,NULL
2029,מדרך עוז,NULL,NULL,NULL
1140,מדרשת בן גוריון,NULL,NULL,NULL
897,מדרשת רופין,NULL,NULL,NULL
3797,מודיעין עילית,4100,4250,5200
1200,מודיעין-מכבים-רעות,5800,6600,8000
269,מולדת,NULL,NULL,NULL
208,מוצא עילית,NULL,NULL,NULL
635,מוקייבלה,NULL,NULL,NULL
1163,מורן,NULL,NULL,NULL
1178,מורשת,NULL,NULL,NULL
606,מזור,NULL,NULL,NULL
28,מזכרת בתיה,NULL,6425,8750
104,מזרע,NULL,NULL,NULL
517,מזרעה,NULL,NULL,NULL
3599,מחולה,NULL,NULL,NULL
1196,מחנה יתיר,NULL,NULL,NULL
308,מחניים,NULL,NULL,NULL
776,מחסיה,NULL,NULL,NULL
43,מטולה,NULL,NULL,NULL
822,מטע,NULL,NULL,NULL
1128,מי עמי,NULL,NULL,NULL
2054,מיטב,NULL,NULL,NULL
1154,מיטל,NULL,NULL,NULL
649,מייסר,NULL,NULL,NULL
4019,מיצר,NULL,NULL,NULL
1282,מירב,NULL,NULL,NULL
607,מירון,NULL,NULL,NULL
731,מישר,NULL,NULL,NULL
1268,מיתר,NULL,NULL,NULL
3614,מכורה,NULL,NULL,NULL
1343,מכחול,NULL,NULL,NULL
382,מכמורת,NULL,NULL,NULL
1202,מכמנים,NULL,NULL,NULL
164,מלאה,NULL,NULL,NULL
2044,מלילות,NULL,NULL,NULL
596,מלכייה,NULL,NULL,NULL
2030,מנוחה,NULL,NULL,NULL
1174,מנוף,NULL,NULL,NULL
1205,מנות,NULL,NULL,NULL
48,מנחמיה,NULL,NULL,NULL
347,מנרה,NULL,NULL,NULL
994,מנשית זבדה,NULL,NULL,NULL
1258,מסד,NULL,NULL,NULL
263,מסדה,NULL,NULL,NULL
298,מסילות,NULL,NULL,NULL
742,מסילת ציון,NULL,NULL,NULL
748,מסלול,NULL,NULL,NULL
4203,מסעדה,NULL,NULL,NULL
197,מעברות,NULL,NULL,NULL
1082,מעגלים,NULL,NULL,NULL
678,מעגן,NULL,NULL,NULL
694,מעגן מיכאל,NULL,NULL,NULL
272,מעוז חיים,NULL,NULL,NULL
3657,מעון,NULL,NULL,NULL
570,מעונה,NULL,NULL,NULL
416,מעיין ברוך,NULL,NULL,NULL
290,מעיין צבי,NULL,NULL,NULL
518,מעיליא,NULL,NULL,NULL
3616,מעלה אדומים,4000,5625,6825
3608,מעלה אפרים,NULL,NULL,NULL
1127,מעלה גלבוע,NULL,NULL,NULL
4008,מעלה גמלא,NULL,NULL,NULL
286,מעלה החמישה,NULL,NULL,NULL
3752,מעלה לבונה,NULL,NULL,NULL
3651,מעלה מכמש,NULL,NULL,NULL
1327,מעלה עירון,NULL,NULL,NULL
3653,מעלה עמוס,NULL,NULL,NULL
1063,מעלות-תרשיחא,2200,2650,4900
344,מענית,NULL,NULL,NULL
230,מעש,NULL,NULL,NULL
668,מפלסים,NULL,NULL,NULL
1791,מפעלי ברקן,NULL,NULL,NULL
1706,מפעלי גליל עליון,NULL,NULL,NULL
1739,מפעלי גרנות,NULL,NULL,NULL
1717,מפעלי העמק (יזרעאל),NULL,NULL,NULL
1729,מפעלי חבל מודיעים,NULL,NULL,NULL
1775,מפעלי ים המלח(סדום),NULL,NULL,NULL
1753,מפעלי כנות,NULL,NULL,NULL
1773,מפעלי מישור רותם,NULL,NULL,NULL
1769,מפעלי מעון,NULL,NULL,NULL
1761,מפעלי צומת מלאכי,NULL,NULL,NULL
1776,מפעלי צין - ערבה,NULL,NULL,NULL
1711,מפעלי צמח,NULL,NULL,NULL
1719,מפעלי שאן,NULL,NULL,NULL
3745,מצדות יהודה,NULL,NULL,NULL
325,מצובה,NULL,NULL,NULL
757,מצליח,NULL,NULL,NULL
58,מצפה,NULL,NULL,NULL
1222,"מצפה אבי""ב",NULL,NULL,NULL
1370,מצפה אילן,NULL,NULL,NULL
3576,מצפה יריחו,NULL,NULL,NULL
1190,מצפה נטופה,NULL,NULL,NULL
99,מצפה רמון,2700,3200,4300
3610,מצפה שלם,NULL,NULL,NULL
648,מצר,NULL,NULL,NULL
22,מקווה ישראל,NULL,NULL,NULL
843,מרגליות,NULL,NULL,NULL
4101,מרום גולן,NULL,NULL,NULL
1340,מרחב עם,NULL,NULL,NULL
97,מרחביה (מושב),NULL,NULL,NULL
66,מרחביה (קיבוץ),NULL,NULL,NULL
1713,מרכז אזורי כדורי,NULL,NULL,NULL
1708,מרכז אזורי מרום הגליל,NULL,NULL,NULL
1723,מרכז אזורי משגב,NULL,NULL,NULL
1747,מרכז אזורי שוהם,NULL,NULL,NULL
1705,"מרכז כ""ח",NULL,NULL,NULL
1715,"מרכז מיר""ב*",NULL,NULL,NULL
1098,מרכז שפירא,NULL,NULL,NULL
421,משאבי שדה,NULL,NULL,NULL
765,משגב דב,NULL,NULL,NULL
378,משגב עם,NULL,NULL,NULL
520,משהד,NULL,NULL,NULL
3605,משואה,NULL,NULL,NULL
620,משואות יצחק,NULL,NULL,NULL
3785,משכיות,NULL,NULL,NULL
670,משמר איילון,NULL,NULL,NULL
563,משמר דוד,NULL,NULL,NULL
732,משמר הירדן,NULL,NULL,NULL
395,משמר הנגב,NULL,NULL,NULL
130,משמר העמק,NULL,NULL,NULL
729,משמר השבעה,NULL,NULL,NULL
194,משמר השרון,NULL,NULL,NULL
213,משמרות,NULL,NULL,NULL
425,משמרת,NULL,NULL,NULL
791,משען,NULL,NULL,NULL
1315,מתן,NULL,NULL,NULL
1184,מתת,NULL,NULL,NULL
3648,מתתיהו,NULL,NULL,NULL
4551,נאות גולן,NULL,NULL,NULL
1124,נאות הכיכר,NULL,NULL,NULL
1770,נאות חובב,NULL,NULL,NULL
408,נאות מרדכי,NULL,NULL,NULL
1197,נאות סמדר,NULL,NULL,NULL
524,נאעורה,NULL,NULL,NULL
396,נבטים,NULL,NULL,NULL
315,נגבה,NULL,NULL,NULL
3724,נגוהות,NULL,NULL,NULL
309,נהורה,NULL,NULL,NULL
80,נהלל,NULL,NULL,NULL
9100,נהרייה,2950,4200,5100
4304,נוב,NULL,NULL,NULL
55,נוגה,NULL,NULL,NULL
1366,נווה,NULL,NULL,NULL
926,נווה אבות,NULL,NULL,NULL
590,נווה אור,NULL,NULL,NULL
4303,"נווה אטי""ב",NULL,NULL,NULL
405,נווה אילן,NULL,NULL,NULL
1702,נווה אילן*,NULL,NULL,NULL
296,נווה איתן,NULL,NULL,NULL
3725,נווה דניאל,NULL,NULL,NULL
1057,נווה זוהר,NULL,NULL,NULL
1314,נווה זיו,NULL,NULL,NULL
1279,נווה חריף,NULL,NULL,NULL
312,נווה ים,NULL,NULL,NULL
686,נווה ימין,NULL,NULL,NULL
858,נווה ירק,NULL,NULL,NULL
827,נווה מבטח,NULL,NULL,NULL
1071,נווה מיכאל,NULL,NULL,NULL
3573,נווה צוף,NULL,NULL,NULL
1259,נווה שלום,NULL,NULL,NULL
15,נועם,NULL,NULL,NULL
1333,נוף איילון,NULL,NULL,NULL
1061,נוף הגליל,2500,3400,NULL
3790,נופים,NULL,NULL,NULL
1284,נופית,NULL,NULL,NULL
257,נופך,NULL,NULL,NULL
3726,נוקדים,NULL,NULL,NULL
447,נורדייה,NULL,NULL,NULL
833,נורית,NULL,NULL,NULL
59,נחושה,NULL,NULL,NULL
844,נחל עוז,NULL,NULL,NULL
2045,נחלה,NULL,NULL,NULL
3767,נחליאל,NULL,NULL,NULL
449,נחלים,NULL,NULL,NULL
809,נחם,NULL,NULL,NULL
522,נחף,NULL,NULL,NULL
433,נחשולים,NULL,NULL,NULL
777,נחשון,NULL,NULL,NULL
705,נחשונים,NULL,NULL,NULL
1147,נטועה,NULL,NULL,NULL
4014,נטור,NULL,NULL,NULL
1369,נטע,NULL,NULL,NULL
174,נטעים,NULL,NULL,NULL
1254,נטף,NULL,NULL,NULL
523,ניין,NULL,NULL,NULL
3655,"ניל""י",NULL,NULL,NULL
351,ניצן,NULL,NULL,NULL
1419,ניצן ב',NULL,NULL,NULL
1195,ניצנה (קהילת חינוך),NULL,NULL,NULL
1280,ניצני סיני,NULL,NULL,NULL
851,ניצני עוז,NULL,NULL,NULL
359,ניצנים,NULL,NULL,NULL
808,ניר אליהו,NULL,NULL,NULL
553,ניר בנים,NULL,NULL,NULL
720,ניר גלים,NULL,NULL,NULL
256,ניר דוד (תל עמל),NULL,NULL,NULL
11,"ניר ח""ן",NULL,NULL,NULL
165,ניר יפה,NULL,NULL,NULL
402,ניר יצחק,NULL,NULL,NULL
699,ניר ישראל,NULL,NULL,NULL
2047,ניר משה,NULL,NULL,NULL
69,ניר עוז,NULL,NULL,NULL
348,ניר עם,NULL,NULL,NULL
769,ניר עציון,NULL,NULL,NULL
2048,ניר עקיבא,NULL,NULL,NULL
331,ניר צבי,NULL,NULL,NULL
602,נירים,NULL,NULL,NULL
1236,נירית,NULL,NULL,NULL
1748,נמל תעופה בן-גוריון,NULL,NULL,NULL
4035,נמרוד,NULL,NULL,NULL
825,נס הרים,NULL,NULL,NULL
1143,נס עמים,NULL,NULL,NULL
7200,נס ציונה,4250,6000,8500
186,נעורים,NULL,NULL,NULL
3787,נעלה,NULL,4700,NULL
3713,"נעמ""ה",NULL,NULL,NULL
158,נען,NULL,NULL,NULL
3620,נערן,NULL,NULL,NULL
1372,נצר חזני,NULL,NULL,NULL
435,נצר סרני,NULL,NULL,NULL
7300,נצרת,NULL,3850,NULL
2500,נשר,3000,4000,5675
3555,נתיב הגדוד,NULL,NULL,NULL
693,"נתיב הל""ה",NULL,NULL,NULL
1242,נתיב העשרה,NULL,NULL,NULL
792,נתיב השיירה,NULL,NULL,NULL
246,נתיבות,2325,3287,4225
7400,נתניה,4450,6400,7750
525,סאג'ור,NULL,NULL,NULL
578,סאסא,NULL,NULL,NULL
587,סביון,NULL,NULL,NULL
2046,סגולה,NULL,NULL,NULL
942,סואעד (חמרייה)*,NULL,NULL,NULL
526,סולם,NULL,NULL,NULL
3756,סוסיה,NULL,NULL,NULL
1238,סופה,NULL,NULL,NULL
7500,סח'נין,NULL,NULL,NULL
1245,סלמה,NULL,NULL,NULL
3567,סלעית,NULL,NULL,NULL
1156,סמר,NULL,NULL,NULL
3777,סנסנה,NULL,NULL,NULL
419,סעד,NULL,NULL,NULL
1360,סעוה,NULL,NULL,NULL
454,סער,NULL,NULL,NULL
1176,ספיר,NULL,NULL,NULL
610,סתרייה,NULL,NULL,NULL
892,עבדון,NULL,NULL,NULL
376,עברון,NULL,NULL,NULL
794,עגור,NULL,NULL,NULL
4501,ע'ג'ר,NULL,NULL,NULL
1762,עד הלום,NULL,NULL,NULL
1199,עדי,NULL,NULL,NULL
2035,עדנים,NULL,NULL,NULL
826,עוזה,NULL,NULL,NULL
528,עוזייר,NULL,NULL,NULL
737,עולש,NULL,NULL,NULL
666,עומר,NULL,NULL,NULL
810,עופר,NULL,NULL,NULL
32,עוצם,NULL,NULL,NULL
328,עזוז,NULL,NULL,NULL
1149,עזר,NULL,NULL,NULL
837,עזריאל,NULL,NULL,NULL
711,עזריה,NULL,NULL,NULL
817,עזריקם,NULL,NULL,NULL
3658,עטרת,NULL,NULL,NULL
1175,עידן,NULL,NULL,NULL
1765,עידן הנגב,NULL,NULL,NULL
530,עיילבון,NULL,NULL,NULL
156,עיינות,NULL,NULL,NULL
511,עילוט,NULL,NULL,NULL
687,עין איילה,NULL,NULL,NULL
546,עין אל-אסד,NULL,NULL,NULL
273,עין גב,NULL,NULL,NULL
2042,עין גדי,NULL,NULL,NULL
436,עין דור,NULL,NULL,NULL
1240,עין הבשור,NULL,NULL,NULL
74,עין הוד,NULL,NULL,NULL
167,עין החורש,NULL,NULL,NULL
289,עין המפרץ,NULL,NULL,NULL
383,"עין הנצי""ב",NULL,NULL,NULL
367,עין העמק,NULL,NULL,NULL
270,עין השופט,NULL,NULL,NULL
676,עין השלושה,NULL,NULL,NULL
157,עין ורד,NULL,NULL,NULL
4503,עין זיוון,NULL,NULL,NULL
1320,עין חוד,NULL,NULL,NULL
1053,עין חצבה,NULL,NULL,NULL
89,עין חרוד (איחוד),NULL,NULL,NULL
82,עין חרוד (מאוחד),NULL,NULL,NULL
806,עין יהב,NULL,NULL,NULL
813,עין יעקב,NULL,NULL,NULL
1056,"עין כרם-בי""ס חקלאי",NULL,NULL,NULL
426,עין כרמל,NULL,NULL,NULL
532,עין מאהל,NULL,NULL,NULL
521,עין נקובא,NULL,NULL,NULL
223,עין עירון,NULL,NULL,NULL
622,עין צורים,NULL,NULL,NULL
4502,עין קנייא,NULL,NULL,NULL
514,עין ראפה,NULL,NULL,NULL
139,עין שמר,NULL,NULL,NULL
880,עין שריד,NULL,NULL,NULL
1251,עין תמר,NULL,NULL,NULL
871,עינת,NULL,NULL,NULL
1187,עיר אובות,NULL,NULL,NULL
7600,עכו,2700,3550,5000
1146,עלומים,NULL,NULL,NULL
3765,עלי,NULL,NULL,NULL
3727,עלי זהב,NULL,NULL,NULL
688,עלמה,NULL,NULL,NULL
3715,עלמון,NULL,NULL,NULL
1212,עמוקה,NULL,NULL,NULL
3824,עמיחי,NULL,NULL,NULL
779,עמינדב,NULL,NULL,NULL
385,עמיעד,NULL,NULL,NULL
318,עמיעוז,NULL,NULL,NULL
773,עמיקם,NULL,NULL,NULL
319,עמיר,NULL,NULL,NULL
3660,עמנואל,2150,2500,3200
708,עמקה,NULL,NULL,NULL
3712,ענב,NULL,NULL,NULL
534,עספיא,2550,2750,NULL
7700,עפולה,2500,3550,4450
3617,עפרה,NULL,NULL,NULL
917,עצמון שגב,NULL,NULL,NULL
531,עראבה,NULL,NULL,NULL
1246,עראמשה,NULL,NULL,NULL
1335,ערב אל נעים,NULL,NULL,NULL
2560,ערד,2445,2975,NULL
593,ערוגות,NULL,NULL,NULL
637,ערערה,NULL,NULL,NULL
1192,ערערה-בנגב,NULL,NULL,NULL
591,עשרת,NULL,NULL,NULL
53,עתלית,3050,5250,NULL
3748,עתניאל,NULL,NULL,NULL
1151,פארן,NULL,NULL,NULL
1763,פארק תעשיות ספירים,NULL,NULL,NULL
1745,פארק תעשיות עמק חפר,NULL,NULL,NULL
3768,פדואל,NULL,NULL,NULL
750,פדויים,NULL,NULL,NULL
838,פדיה,NULL,NULL,NULL
537,פוריידיס,NULL,NULL,NULL
1104,פורייה - כפר עבודה,NULL,NULL,NULL
1105,פורייה - נווה עובד,NULL,NULL,NULL
1313,פורייה עילית,NULL,NULL,NULL
767,פורת,NULL,NULL,NULL
749,פטיש,NULL,NULL,NULL
1185,פלך,NULL,NULL,NULL
597,פלמחים,NULL,NULL,NULL
3723,פני חבר,NULL,NULL,NULL
3659,פסגות,NULL,NULL,NULL
535,פסוטה,NULL,NULL,NULL
2059,"פעמי תש""ז",NULL,NULL,NULL
3615,פצאל,NULL,NULL,NULL
536,פקיעין (בוקייעה),NULL,NULL,NULL
281,פקיעין חדשה,NULL,NULL,NULL
7800,פרדס חנה-כרכור,3450,5175,6200
171,פרדסייה,4450,NULL,NULL
599,פרוד,NULL,NULL,NULL
2053,פרזון,NULL,NULL,NULL
1231,פרי גן,NULL,NULL,NULL
7900,פתח תקווה,4400,5900,7250
839,פתחיה,NULL,NULL,NULL
413,צאלים,NULL,NULL,NULL
1180,צביה,NULL,NULL,NULL
1213,צבעון,NULL,NULL,NULL
465,צובה,NULL,NULL,NULL
1136,צוחר,NULL,NULL,NULL
1111,צופייה,NULL,NULL,NULL
3791,צופים,NULL,NULL,NULL
198,צופית,NULL,NULL,NULL
1150,צופר,NULL,NULL,NULL
1102,צוקי ים,NULL,NULL,NULL
1262,צוקים,NULL,NULL,NULL
1113,צור הדסה,NULL,NULL,NULL
1345,צור יצחק,NULL,5425,5800
276,צור משה,NULL,NULL,NULL
1148,צור נתן,NULL,NULL,NULL
774,צוריאל,NULL,NULL,NULL
1221,צורית,NULL,NULL,NULL
613,ציפורי,NULL,NULL,NULL
796,צלפון,NULL,NULL,NULL
636,צנדלה,NULL,NULL,NULL
594,צפרייה,NULL,NULL,NULL
1079,צפרירים,NULL,NULL,NULL
8000,צפת,2550,3700,NULL
612,צרופה,NULL,NULL,NULL
567,צרעה,NULL,NULL,NULL
334,קבוצת יבנה,NULL,NULL,NULL
3557,קדומים,NULL,NULL,NULL
195,קדימה-צורן,4650,6275,7700
392,קדמה,NULL,NULL,NULL
4025,קדמת צבי,NULL,NULL,NULL
3781,קדר,NULL,NULL,NULL
615,קדרון,NULL,NULL,NULL
1211,קדרים,NULL,NULL,NULL
766,קוממיות,NULL,NULL,NULL
1179,קורנית,NULL,NULL,NULL
1052,קטורה,NULL,NULL,NULL
1167,קיסריה,5700,NULL,NULL
414,קלחים,NULL,NULL,NULL
3601,קליה,NULL,NULL,NULL
638,קלנסווה,NULL,NULL,NULL
4024,קלע,NULL,NULL,NULL
1767,קמה (אזור תעשייה חקלאית),NULL,NULL,NULL
1243,קציר,NULL,NULL,NULL
1347,קצר א-סר,NULL,NULL,NULL
4100,קצרין,2750,3600,NULL
2620,קריית אונו,5437,7225,7875
3611,קריית ארבע,2200,2400,3710
6800,קריית אתא,2750,3850,5250
9500,קריית ביאליק,3200,4000,4900
2630,קריית גת,2695,3350,4400
1768,קריית חינוך מרחבים*,NULL,NULL,NULL
2300,קריית טבעון,3950,4500,6550
9600,קריית ים,2700,4100,5400
1137,קריית יערים,4050,5750,7150
2039,קריית יערים (מוסד),NULL,NULL,NULL
8200,קריית מוצקין,3200,4175,5575
1034,קריית מלאכי,2800,4350,5125
3746,קריית נטפים,NULL,NULL,NULL
78,קריית ענבים,NULL,NULL,NULL
469,קריית עקרון,3700,4050,NULL
412,קריית שלמה,NULL,NULL,NULL
2800,קריית שמונה,2500,2850,NULL
1766,קרית חינוך עזתה,NULL,NULL,NULL
1746,קרית תעופה,NULL,NULL,NULL
3640,קרני שומרון,3225,4250,NULL
4006,קשת,NULL,NULL,NULL
543,ראמה,NULL,NULL,NULL
1334,ראס אל-עין,NULL,NULL,NULL
990,ראס עלי,NULL,NULL,NULL
2640,ראש העין,4700,5850,6500
26,ראש פינה,NULL,NULL,NULL
3602,ראש צורים,NULL,NULL,NULL
8300,ראשון לציון,4850,6100,7550
3795,רבבה,NULL,NULL,NULL
564,רבדים,NULL,NULL,NULL
354,רביבים,NULL,NULL,NULL
1225,רביד,NULL,NULL,NULL
390,רגבה,NULL,NULL,NULL
444,רגבים,NULL,NULL,NULL
1161,רהט,NULL,NULL,NULL
2051,רווחה,NULL,NULL,NULL
2016,רוויה,NULL,NULL,NULL
1341,רוח מדבר,NULL,NULL,NULL
362,רוחמה,NULL,NULL,NULL
539,רומאנה,NULL,NULL,NULL
997,רומת הייב,NULL,NULL,NULL
3619,רועי,NULL,NULL,NULL
3782,רותם,NULL,NULL,NULL
854,רחוב,NULL,NULL,NULL
8400,רחובות,4400,5850,7200
3822,רחלים,NULL,NULL,NULL
540,ריחאנייה,NULL,NULL,NULL
3568,ריחן,NULL,NULL,NULL
542,ריינה,NULL,NULL,NULL
3565,רימונים,NULL,NULL,NULL
616,רינתיה,NULL,NULL,NULL
922,רכסים,NULL,NULL,NULL
1069,רם-און,NULL,NULL,NULL
4702,רמות,NULL,NULL,NULL
206,רמות השבים,NULL,NULL,NULL
735,רמות מאיר,NULL,NULL,NULL
445,רמות מנשה,NULL,NULL,NULL
372,רמות נפתלי,NULL,NULL,NULL
8500,רמלה,3500,4500,6425
8600,רמת גן,5900,7300,8650
135,רמת דוד,NULL,NULL,NULL
184,רמת הכובש,NULL,NULL,NULL
4029,רמת הנשיא טראמפ,NULL,NULL,NULL
335,רמת השופט,NULL,NULL,NULL
2650,רמת השרון,6650,8500,10450
178,רמת יוחנן,NULL,NULL,NULL
122,רמת ישי,3100,5000,NULL
4701,רמת מגשימים,NULL,NULL,NULL
339,רמת צבי,NULL,NULL,NULL
460,רמת רזיאל,NULL,NULL,NULL
127,רמת רחל,NULL,NULL,NULL
789,רנן,NULL,NULL,NULL
713,רעים,NULL,NULL,NULL
8700,רעננה,6175,7125,8600
1228,רקפת,NULL,NULL,NULL
247,רשפון,NULL,NULL,NULL
437,רשפים,NULL,NULL,NULL
1260,רתמים,NULL,NULL,NULL
324,שאר ישוב,NULL,NULL,NULL
1377,שבי דרום,NULL,NULL,NULL
282,שבי ציון,NULL,NULL,NULL
3571,שבי שומרון,NULL,NULL,NULL
913,שבלי - אום אל-גנם,NULL,NULL,NULL
1286,שגב-שלום,NULL,NULL,NULL
721,שדה אילן,NULL,NULL,NULL
304,שדה אליהו,NULL,NULL,NULL
861,שדה אליעזר,NULL,NULL,NULL
885,שדה בוקר,NULL,NULL,NULL
36,שדה דוד,NULL,NULL,NULL
284,שדה ורבורג,NULL,NULL,NULL
293,שדה יואב,NULL,NULL,NULL
142,שדה יעקב,NULL,NULL,NULL
2008,שדה יצחק,NULL,NULL,NULL
18,שדה משה,NULL,NULL,NULL
259,שדה נחום,NULL,NULL,NULL
329,שדה נחמיה,NULL,NULL,NULL
1058,שדה ניצן,NULL,NULL,NULL
739,שדה עוזיהו,NULL,NULL,NULL
2049,שדה צבי,NULL,NULL,NULL
327,שדות ים,NULL,NULL,NULL
27,שדות מיכה,NULL,NULL,NULL
1223,שדי אברהם,NULL,NULL,NULL
2015,שדי חמד,NULL,NULL,NULL
2057,שדי תרומות,NULL,NULL,NULL
555,שדמה,NULL,NULL,NULL
306,שדמות דבורה,NULL,NULL,NULL
3578,שדמות מחולה,NULL,NULL,NULL
1031,שדרות,2550,2900,3000
741,שואבה,NULL,NULL,NULL
761,שובה,NULL,NULL,NULL
394,שובל,NULL,NULL,NULL
1304,שוהם,5600,6800,7650
614,שומרה,NULL,NULL,NULL
1265,שומרייה,NULL,NULL,NULL
415,שוקדה,NULL,NULL,NULL
456,שורש,NULL,NULL,NULL
1235,שורשים,NULL,NULL,NULL
224,שושנת העמקים,NULL,NULL,NULL
527,שזור,NULL,NULL,NULL
7,שחר,NULL,NULL,NULL
1266,שחרות,NULL,NULL,NULL
865,שיבולים,NULL,NULL,NULL
1378,שיזף,NULL,NULL,NULL
1267,שיטים,NULL,NULL,NULL
658,שייח' דנון,NULL,NULL,NULL
3641,שילה,NULL,NULL,NULL
1165,שילת,NULL,NULL,NULL
1160,שכניה,NULL,NULL,NULL
873,שלווה,NULL,NULL,NULL
1373,שלווה במדבר,NULL,NULL,NULL
439,שלוחות,NULL,NULL,NULL
812,שלומי,2750,3150,NULL
1364,שלומית,NULL,NULL,NULL
1793,שלומציון,NULL,NULL,NULL
366,שמיר,NULL,NULL,NULL
3784,שמעה,NULL,NULL,NULL
432,שמרת,NULL,NULL,NULL
1337,שמשית,NULL,NULL,NULL
1287,שני,NULL,NULL,NULL
1132,שניר,NULL,NULL,NULL
538,שעב,NULL,NULL,NULL
4009,שעל,NULL,NULL,NULL
856,שעלבים,NULL,NULL,NULL
661,שער אפרים,NULL,NULL,NULL
264,שער הגולן,NULL,NULL,NULL
237,שער העמקים,NULL,NULL,NULL
921,שער מנשה,NULL,NULL,NULL
3826,שער שומרון,NULL,NULL,NULL
232,שפיים,NULL,NULL,NULL
692,שפיר,NULL,NULL,NULL
846,שפר,NULL,NULL,NULL
8800,שפרעם,NULL,NULL,NULL
3649,שקד,NULL,NULL,NULL
1233,שקף,NULL,NULL,NULL
292,שרונה,NULL,NULL,NULL
1114,שריגים (לי-און),NULL,NULL,NULL
126,שריד,NULL,NULL,NULL
398,שרשרת,NULL,NULL,NULL
1045,שתולה,NULL,NULL,NULL
763,שתולים,NULL,NULL,NULL
2062,תאשור,NULL,NULL,NULL
2061,תדהר,NULL,NULL,NULL
1172,תובל,NULL,NULL,NULL
3558,תומר,NULL,NULL,NULL
1083,תושייה,NULL,NULL,NULL
163,תימורים,NULL,NULL,NULL
10,תירוש,NULL,NULL,NULL
5000,תל אביב -יפו,7999,9950,13650
1707,תל חי (מכללה),NULL,NULL,NULL
84,תל יוסף,NULL,NULL,NULL
287,תל יצחק,NULL,NULL,NULL
154,תל מונד,5325,5400,7600
103,תל עדשים,NULL,NULL,NULL
3815,תל ציון,NULL,NULL,NULL
719,תל קציר,NULL,NULL,NULL
1054,תל שבע,NULL,NULL,NULL
1283,תל תאומים,NULL,NULL,NULL
3719,תלם,NULL,NULL,NULL
1051,תלמי אליהו,NULL,NULL,NULL
2003,תלמי אלעזר,NULL,NULL,NULL
2050,"תלמי ביל""ו",NULL,NULL,NULL
1237,תלמי יוסף,NULL,NULL,NULL
727,תלמי יחיאל,NULL,NULL,NULL
744,תלמי יפה,NULL,NULL,NULL
814,תלמים,NULL,NULL,NULL
1244,תמרת,NULL,NULL,NULL
2002,תנובות,NULL,NULL,NULL
752,תעוז,NULL,NULL,NULL
1709,תעשיון דלתון,NULL,NULL,NULL
1741,תעשיון השרון,NULL,NULL,NULL
1750,תעשיון חבל יבנה,NULL,NULL,NULL
1742,תעשיון חצב*,NULL,NULL,NULL
1744,תעשיון ימין,NULL,NULL,NULL
1754,תעשיון מבצע*,NULL,NULL,NULL
1794,תעשיון מיתרים,NULL,NULL,NULL
1760,תעשיון נוף אדום,NULL,NULL,NULL
1749,תעשיון צריפין,NULL,NULL,NULL
1755,תעשיון ראם*,NULL,NULL,NULL
1792,"תעשיון שח""ק",NULL,NULL,NULL
1714,תעשיות גליל תחתון,NULL,NULL,NULL
709,תפרח,NULL,NULL,NULL
665,תקומה,NULL,NULL,NULL
3563,תקוע,NULL,NULL,NULL
1346,תרבין א-צאנע (יישוב)*,NULL,NULL,NULL
778,תרום,NULL,NULL,NULL
,,NULL,NULL,NULL
